{
  "mae": 0.9374807794410445,
  "rmse": 1.816958587649194,
  "mape": 41.5831539162409,
  "n_rows": 6782
}