{
  "mae": 0.9277133506431968,
  "rmse": 1.802571883052345,
  "mape": 42.14526399506127,
  "n_rows": 3000
}